filepath,bad_function,cwe,cwe_label,Patch
/home/sravyagopireddy/datasets/C/testcases/CWE676_Use_of_Potentially_Dangerous_Function/CWE676_Use_of_Potentially_Dangerous_Function__basic_17.cpp,"

void ()
{
    int j;
    for(j = 0; j < 1; j++)
    {
        {
            char charBuffer[CHAR_BUFFER_SIZE];
            
            
            cin >> charBuffer;
            charBuffer[CHAR_BUFFER_SIZE-1] = '\0';
            printLine(charBuffer);
        }
    }
}

",CWE676,Use of Potentially Dangerous Function,"


static void 1()
{
    int k;
    for(k = 0; k < 1; k++)
    {
        {
            char charBuffer[CHAR_BUFFER_SIZE];
            
            cin.width(CHAR_BUFFER_SIZE);
            cin >> charBuffer;
            charBuffer[CHAR_BUFFER_SIZE-1] = '\0';
            printLine(charBuffer);
        }
    }
}

void ()
{
    1();
}

"
/home/sravyagopireddy/datasets/C/testcases/CWE676_Use_of_Potentially_Dangerous_Function/CWE676_Use_of_Potentially_Dangerous_Function__basic_04.cpp,"

void ()
{
    if(STATIC_CONST_TRUE)
    {
        {
            char charBuffer[CHAR_BUFFER_SIZE];
            
            
            cin >> charBuffer;
            charBuffer[CHAR_BUFFER_SIZE-1] = '\0';
            printLine(charBuffer);
        }
    }
}

",CWE676,Use of Potentially Dangerous Function,"


static void 1()
{
    if(STATIC_CONST_FALSE)
    {
        
        printLine(""Benign, fixed string"");
    }
    else
    {
        {
            char charBuffer[CHAR_BUFFER_SIZE];
            
            cin.width(CHAR_BUFFER_SIZE);
            cin >> charBuffer;
            charBuffer[CHAR_BUFFER_SIZE-1] = '\0';
            printLine(charBuffer);
        }
    }
}


static void 2()
{
    if(STATIC_CONST_TRUE)
    {
        {
            char charBuffer[CHAR_BUFFER_SIZE];
            
            cin.width(CHAR_BUFFER_SIZE);
            cin >> charBuffer;
            charBuffer[CHAR_BUFFER_SIZE-1] = '\0';
            printLine(charBuffer);
        }
    }
}

void ()
{
    1();
    2();
}

"
/home/sravyagopireddy/datasets/C/testcases/CWE676_Use_of_Potentially_Dangerous_Function/CWE676_Use_of_Potentially_Dangerous_Function__basic_08.cpp,"

void ()
{
    if(staticReturnsTrue())
    {
        {
            char charBuffer[CHAR_BUFFER_SIZE];
            
            
            cin >> charBuffer;
            charBuffer[CHAR_BUFFER_SIZE-1] = '\0';
            printLine(charBuffer);
        }
    }
}

",CWE676,Use of Potentially Dangerous Function,"


static void 1()
{
    if(staticReturnsFalse())
    {
        
        printLine(""Benign, fixed string"");
    }
    else
    {
        {
            char charBuffer[CHAR_BUFFER_SIZE];
            
            cin.width(CHAR_BUFFER_SIZE);
            cin >> charBuffer;
            charBuffer[CHAR_BUFFER_SIZE-1] = '\0';
            printLine(charBuffer);
        }
    }
}


static void 2()
{
    if(staticReturnsTrue())
    {
        {
            char charBuffer[CHAR_BUFFER_SIZE];
            
            cin.width(CHAR_BUFFER_SIZE);
            cin >> charBuffer;
            charBuffer[CHAR_BUFFER_SIZE-1] = '\0';
            printLine(charBuffer);
        }
    }
}

void ()
{
    1();
    2();
}

"
/home/sravyagopireddy/datasets/C/testcases/CWE676_Use_of_Potentially_Dangerous_Function/CWE676_Use_of_Potentially_Dangerous_Function__basic_01.cpp,"

void ()
{
    {
        char charBuffer[CHAR_BUFFER_SIZE];
        
        
        cin >> charBuffer;
        charBuffer[CHAR_BUFFER_SIZE-1] = '\0';
        printLine(charBuffer);
    }
}

",CWE676,Use of Potentially Dangerous Function,"

static void 1()
{
    {
        char charBuffer[CHAR_BUFFER_SIZE];
        
        cin.width(CHAR_BUFFER_SIZE);
        cin >> charBuffer;
        charBuffer[CHAR_BUFFER_SIZE-1] = '\0';
        printLine(charBuffer);
    }
}

void ()
{
    1();
}

"
/home/sravyagopireddy/datasets/C/testcases/CWE676_Use_of_Potentially_Dangerous_Function/CWE676_Use_of_Potentially_Dangerous_Function__basic_14.cpp,"

void ()
{
    if(globalFive==5)
    {
        {
            char charBuffer[CHAR_BUFFER_SIZE];
            
            
            cin >> charBuffer;
            charBuffer[CHAR_BUFFER_SIZE-1] = '\0';
            printLine(charBuffer);
        }
    }
}

",CWE676,Use of Potentially Dangerous Function,"


static void 1()
{
    if(globalFive!=5)
    {
        
        printLine(""Benign, fixed string"");
    }
    else
    {
        {
            char charBuffer[CHAR_BUFFER_SIZE];
            
            cin.width(CHAR_BUFFER_SIZE);
            cin >> charBuffer;
            charBuffer[CHAR_BUFFER_SIZE-1] = '\0';
            printLine(charBuffer);
        }
    }
}


static void 2()
{
    if(globalFive==5)
    {
        {
            char charBuffer[CHAR_BUFFER_SIZE];
            
            cin.width(CHAR_BUFFER_SIZE);
            cin >> charBuffer;
            charBuffer[CHAR_BUFFER_SIZE-1] = '\0';
            printLine(charBuffer);
        }
    }
}

void ()
{
    1();
    2();
}

"
/home/sravyagopireddy/datasets/C/testcases/CWE676_Use_of_Potentially_Dangerous_Function/CWE676_Use_of_Potentially_Dangerous_Function__basic_05.cpp,"

void ()
{
    if(staticTrue)
    {
        {
            char charBuffer[CHAR_BUFFER_SIZE];
            
            
            cin >> charBuffer;
            charBuffer[CHAR_BUFFER_SIZE-1] = '\0';
            printLine(charBuffer);
        }
    }
}

",CWE676,Use of Potentially Dangerous Function,"


static void 1()
{
    if(staticFalse)
    {
        
        printLine(""Benign, fixed string"");
    }
    else
    {
        {
            char charBuffer[CHAR_BUFFER_SIZE];
            
            cin.width(CHAR_BUFFER_SIZE);
            cin >> charBuffer;
            charBuffer[CHAR_BUFFER_SIZE-1] = '\0';
            printLine(charBuffer);
        }
    }
}


static void 2()
{
    if(staticTrue)
    {
        {
            char charBuffer[CHAR_BUFFER_SIZE];
            
            cin.width(CHAR_BUFFER_SIZE);
            cin >> charBuffer;
            charBuffer[CHAR_BUFFER_SIZE-1] = '\0';
            printLine(charBuffer);
        }
    }
}

void ()
{
    1();
    2();
}

"
/home/sravyagopireddy/datasets/C/testcases/CWE676_Use_of_Potentially_Dangerous_Function/CWE676_Use_of_Potentially_Dangerous_Function__basic_12.cpp,"

void ()
{
    if(globalReturnsTrueOrFalse())
    {
        {
            char charBuffer[CHAR_BUFFER_SIZE];
            
            
            cin >> charBuffer;
            charBuffer[CHAR_BUFFER_SIZE-1] = '\0';
            printLine(charBuffer);
        }
    }
    else
    {
        {
            char charBuffer[CHAR_BUFFER_SIZE];
            
            cin.width(CHAR_BUFFER_SIZE);
            cin >> charBuffer;
            charBuffer[CHAR_BUFFER_SIZE-1] = '\0';
            printLine(charBuffer);
        }
    }
}

",CWE676,Use of Potentially Dangerous Function,"


static void 1()
{
    if(globalReturnsTrueOrFalse())
    {
        {
            char charBuffer[CHAR_BUFFER_SIZE];
            
            cin.width(CHAR_BUFFER_SIZE);
            cin >> charBuffer;
            charBuffer[CHAR_BUFFER_SIZE-1] = '\0';
            printLine(charBuffer);
        }
    }
    else
    {
        {
            char charBuffer[CHAR_BUFFER_SIZE];
            
            cin.width(CHAR_BUFFER_SIZE);
            cin >> charBuffer;
            charBuffer[CHAR_BUFFER_SIZE-1] = '\0';
            printLine(charBuffer);
        }
    }
}

void ()
{
    1();
}

"
/home/sravyagopireddy/datasets/C/testcases/CWE676_Use_of_Potentially_Dangerous_Function/main.cpp,"

	
	

	




	
#ifdef __cplusplus
	
	
	printLine(""Calling CWE676_Use_of_Potentially_Dangerous_Function__basic_04::();"");
	CWE676_Use_of_Potentially_Dangerous_Function__basic_04::();

	printLine(""Calling CWE676_Use_of_Potentially_Dangerous_Function__basic_13::();"");
	CWE676_Use_of_Potentially_Dangerous_Function__basic_13::();

	printLine(""Calling CWE676_Use_of_Potentially_Dangerous_Function__basic_02::();"");
	CWE676_Use_of_Potentially_Dangerous_Function__basic_02::();

	printLine(""Calling CWE676_Use_of_Potentially_Dangerous_Function__basic_15::();"");
	CWE676_Use_of_Potentially_Dangerous_Function__basic_15::();

	printLine(""Calling CWE676_Use_of_Potentially_Dangerous_Function__basic_06::();"");
	CWE676_Use_of_Potentially_Dangerous_Function__basic_06::();

	printLine(""Calling CWE676_Use_of_Potentially_Dangerous_Function__basic_16::();"");
	CWE676_Use_of_Potentially_Dangerous_Function__basic_16::();

	printLine(""Calling CWE676_Use_of_Potentially_Dangerous_Function__basic_12::();"");
	CWE676_Use_of_Potentially_Dangerous_Function__basic_12::();

	printLine(""Calling CWE676_Use_of_Potentially_Dangerous_Function__basic_09::();"");
	CWE676_Use_of_Potentially_Dangerous_Function__basic_09::();

	printLine(""Calling CWE676_Use_of_Potentially_Dangerous_Function__basic_08::();"");
	CWE676_Use_of_Potentially_Dangerous_Function__basic_08::();

	printLine(""Calling CWE676_Use_of_Potentially_Dangerous_Function__basic_14::();"");
	CWE676_Use_of_Potentially_Dangerous_Function__basic_14::();

	printLine(""Calling CWE676_Use_of_Potentially_Dangerous_Function__basic_17::();"");
	CWE676_Use_of_Potentially_Dangerous_Function__basic_17::();

	printLine(""Calling CWE676_Use_of_Potentially_Dangerous_Function__basic_01::();"");
	CWE676_Use_of_Potentially_Dangerous_Function__basic_01::();

	printLine(""Calling CWE676_Use_of_Potentially_Dangerous_Function__basic_11::();"");
	CWE676_Use_of_Potentially_Dangerous_Function__basic_11::();

	printLine(""Calling CWE676_Use_of_Potentially_Dangerous_Function__basic_10::();"");
	CWE676_Use_of_Potentially_Dangerous_Function__basic_10::();

	printLine(""Calling CWE676_Use_of_Potentially_Dangerous_Function__basic_18::();"");
	CWE676_Use_of_Potentially_Dangerous_Function__basic_18::();

	printLine(""Calling CWE676_Use_of_Potentially_Dangerous_Function__basic_03::();"");
	CWE676_Use_of_Potentially_Dangerous_Function__basic_03::();

	printLine(""Calling CWE676_Use_of_Potentially_Dangerous_Function__basic_07::();"");
	CWE676_Use_of_Potentially_Dangerous_Function__basic_07::();

	printLine(""Calling CWE676_Use_of_Potentially_Dangerous_Function__basic_05::();"");
	CWE676_Use_of_Potentially_Dangerous_Function__basic_05::();

	
	
#endif 

",CWE676,Use of Potentially Dangerous Function,"

	
	

	





#ifdef __cplusplus
	
	
	printLine(""Calling CWE676_Use_of_Potentially_Dangerous_Function__basic_04::();"");
	CWE676_Use_of_Potentially_Dangerous_Function__basic_04::();

	printLine(""Calling CWE676_Use_of_Potentially_Dangerous_Function__basic_13::();"");
	CWE676_Use_of_Potentially_Dangerous_Function__basic_13::();

	printLine(""Calling CWE676_Use_of_Potentially_Dangerous_Function__basic_02::();"");
	CWE676_Use_of_Potentially_Dangerous_Function__basic_02::();

	printLine(""Calling CWE676_Use_of_Potentially_Dangerous_Function__basic_15::();"");
	CWE676_Use_of_Potentially_Dangerous_Function__basic_15::();

	printLine(""Calling CWE676_Use_of_Potentially_Dangerous_Function__basic_06::();"");
	CWE676_Use_of_Potentially_Dangerous_Function__basic_06::();

	printLine(""Calling CWE676_Use_of_Potentially_Dangerous_Function__basic_16::();"");
	CWE676_Use_of_Potentially_Dangerous_Function__basic_16::();

	printLine(""Calling CWE676_Use_of_Potentially_Dangerous_Function__basic_12::();"");
	CWE676_Use_of_Potentially_Dangerous_Function__basic_12::();

	printLine(""Calling CWE676_Use_of_Potentially_Dangerous_Function__basic_09::();"");
	CWE676_Use_of_Potentially_Dangerous_Function__basic_09::();

	printLine(""Calling CWE676_Use_of_Potentially_Dangerous_Function__basic_08::();"");
	CWE676_Use_of_Potentially_Dangerous_Function__basic_08::();

	printLine(""Calling CWE676_Use_of_Potentially_Dangerous_Function__basic_14::();"");
	CWE676_Use_of_Potentially_Dangerous_Function__basic_14::();

	printLine(""Calling CWE676_Use_of_Potentially_Dangerous_Function__basic_17::();"");
	CWE676_Use_of_Potentially_Dangerous_Function__basic_17::();

	printLine(""Calling CWE676_Use_of_Potentially_Dangerous_Function__basic_01::();"");
	CWE676_Use_of_Potentially_Dangerous_Function__basic_01::();

	printLine(""Calling CWE676_Use_of_Potentially_Dangerous_Function__basic_11::();"");
	CWE676_Use_of_Potentially_Dangerous_Function__basic_11::();

	printLine(""Calling CWE676_Use_of_Potentially_Dangerous_Function__basic_10::();"");
	CWE676_Use_of_Potentially_Dangerous_Function__basic_10::();

	printLine(""Calling CWE676_Use_of_Potentially_Dangerous_Function__basic_18::();"");
	CWE676_Use_of_Potentially_Dangerous_Function__basic_18::();

	printLine(""Calling CWE676_Use_of_Potentially_Dangerous_Function__basic_03::();"");
	CWE676_Use_of_Potentially_Dangerous_Function__basic_03::();

	printLine(""Calling CWE676_Use_of_Potentially_Dangerous_Function__basic_07::();"");
	CWE676_Use_of_Potentially_Dangerous_Function__basic_07::();

	printLine(""Calling CWE676_Use_of_Potentially_Dangerous_Function__basic_05::();"");
	CWE676_Use_of_Potentially_Dangerous_Function__basic_05::();

	

#endif 

"
/home/sravyagopireddy/datasets/C/testcases/CWE676_Use_of_Potentially_Dangerous_Function/CWE676_Use_of_Potentially_Dangerous_Function__basic_18.cpp,"

void ()
{
    goto sink;
sink:
    {
        char charBuffer[CHAR_BUFFER_SIZE];
        
        
        cin >> charBuffer;
        charBuffer[CHAR_BUFFER_SIZE-1] = '\0';
        printLine(charBuffer);
    }
}

",CWE676,Use of Potentially Dangerous Function,"


static void 1()
{
    goto sink;
sink:
    {
        char charBuffer[CHAR_BUFFER_SIZE];
        
        cin.width(CHAR_BUFFER_SIZE);
        cin >> charBuffer;
        charBuffer[CHAR_BUFFER_SIZE-1] = '\0';
        printLine(charBuffer);
    }
}

void ()
{
    1();
}

"
/home/sravyagopireddy/datasets/C/testcases/CWE676_Use_of_Potentially_Dangerous_Function/CWE676_Use_of_Potentially_Dangerous_Function__basic_10.cpp,"

void ()
{
    if(globalTrue)
    {
        {
            char charBuffer[CHAR_BUFFER_SIZE];
            
            
            cin >> charBuffer;
            charBuffer[CHAR_BUFFER_SIZE-1] = '\0';
            printLine(charBuffer);
        }
    }
}

",CWE676,Use of Potentially Dangerous Function,"


static void 1()
{
    if(globalFalse)
    {
        
        printLine(""Benign, fixed string"");
    }
    else
    {
        {
            char charBuffer[CHAR_BUFFER_SIZE];
            
            cin.width(CHAR_BUFFER_SIZE);
            cin >> charBuffer;
            charBuffer[CHAR_BUFFER_SIZE-1] = '\0';
            printLine(charBuffer);
        }
    }
}


static void 2()
{
    if(globalTrue)
    {
        {
            char charBuffer[CHAR_BUFFER_SIZE];
            
            cin.width(CHAR_BUFFER_SIZE);
            cin >> charBuffer;
            charBuffer[CHAR_BUFFER_SIZE-1] = '\0';
            printLine(charBuffer);
        }
    }
}

void ()
{
    1();
    2();
}

"
/home/sravyagopireddy/datasets/C/testcases/CWE676_Use_of_Potentially_Dangerous_Function/main_linux.cpp,"

	
	

	




	
#ifdef __cplusplus
	
	
	printLine(""Calling CWE676_Use_of_Potentially_Dangerous_Function__basic_04::();"");
	CWE676_Use_of_Potentially_Dangerous_Function__basic_04::();

	printLine(""Calling CWE676_Use_of_Potentially_Dangerous_Function__basic_13::();"");
	CWE676_Use_of_Potentially_Dangerous_Function__basic_13::();

	printLine(""Calling CWE676_Use_of_Potentially_Dangerous_Function__basic_02::();"");
	CWE676_Use_of_Potentially_Dangerous_Function__basic_02::();

	printLine(""Calling CWE676_Use_of_Potentially_Dangerous_Function__basic_15::();"");
	CWE676_Use_of_Potentially_Dangerous_Function__basic_15::();

	printLine(""Calling CWE676_Use_of_Potentially_Dangerous_Function__basic_06::();"");
	CWE676_Use_of_Potentially_Dangerous_Function__basic_06::();

	printLine(""Calling CWE676_Use_of_Potentially_Dangerous_Function__basic_16::();"");
	CWE676_Use_of_Potentially_Dangerous_Function__basic_16::();

	printLine(""Calling CWE676_Use_of_Potentially_Dangerous_Function__basic_12::();"");
	CWE676_Use_of_Potentially_Dangerous_Function__basic_12::();

	printLine(""Calling CWE676_Use_of_Potentially_Dangerous_Function__basic_09::();"");
	CWE676_Use_of_Potentially_Dangerous_Function__basic_09::();

	printLine(""Calling CWE676_Use_of_Potentially_Dangerous_Function__basic_08::();"");
	CWE676_Use_of_Potentially_Dangerous_Function__basic_08::();

	printLine(""Calling CWE676_Use_of_Potentially_Dangerous_Function__basic_14::();"");
	CWE676_Use_of_Potentially_Dangerous_Function__basic_14::();

	printLine(""Calling CWE676_Use_of_Potentially_Dangerous_Function__basic_17::();"");
	CWE676_Use_of_Potentially_Dangerous_Function__basic_17::();

	printLine(""Calling CWE676_Use_of_Potentially_Dangerous_Function__basic_01::();"");
	CWE676_Use_of_Potentially_Dangerous_Function__basic_01::();

	printLine(""Calling CWE676_Use_of_Potentially_Dangerous_Function__basic_11::();"");
	CWE676_Use_of_Potentially_Dangerous_Function__basic_11::();

	printLine(""Calling CWE676_Use_of_Potentially_Dangerous_Function__basic_10::();"");
	CWE676_Use_of_Potentially_Dangerous_Function__basic_10::();

	printLine(""Calling CWE676_Use_of_Potentially_Dangerous_Function__basic_18::();"");
	CWE676_Use_of_Potentially_Dangerous_Function__basic_18::();

	printLine(""Calling CWE676_Use_of_Potentially_Dangerous_Function__basic_03::();"");
	CWE676_Use_of_Potentially_Dangerous_Function__basic_03::();

	printLine(""Calling CWE676_Use_of_Potentially_Dangerous_Function__basic_07::();"");
	CWE676_Use_of_Potentially_Dangerous_Function__basic_07::();

	printLine(""Calling CWE676_Use_of_Potentially_Dangerous_Function__basic_05::();"");
	CWE676_Use_of_Potentially_Dangerous_Function__basic_05::();

	
	
#endif 

",CWE676,Use of Potentially Dangerous Function,"

	
	

	





#ifdef __cplusplus
	
	
	printLine(""Calling CWE676_Use_of_Potentially_Dangerous_Function__basic_04::();"");
	CWE676_Use_of_Potentially_Dangerous_Function__basic_04::();

	printLine(""Calling CWE676_Use_of_Potentially_Dangerous_Function__basic_13::();"");
	CWE676_Use_of_Potentially_Dangerous_Function__basic_13::();

	printLine(""Calling CWE676_Use_of_Potentially_Dangerous_Function__basic_02::();"");
	CWE676_Use_of_Potentially_Dangerous_Function__basic_02::();

	printLine(""Calling CWE676_Use_of_Potentially_Dangerous_Function__basic_15::();"");
	CWE676_Use_of_Potentially_Dangerous_Function__basic_15::();

	printLine(""Calling CWE676_Use_of_Potentially_Dangerous_Function__basic_06::();"");
	CWE676_Use_of_Potentially_Dangerous_Function__basic_06::();

	printLine(""Calling CWE676_Use_of_Potentially_Dangerous_Function__basic_16::();"");
	CWE676_Use_of_Potentially_Dangerous_Function__basic_16::();

	printLine(""Calling CWE676_Use_of_Potentially_Dangerous_Function__basic_12::();"");
	CWE676_Use_of_Potentially_Dangerous_Function__basic_12::();

	printLine(""Calling CWE676_Use_of_Potentially_Dangerous_Function__basic_09::();"");
	CWE676_Use_of_Potentially_Dangerous_Function__basic_09::();

	printLine(""Calling CWE676_Use_of_Potentially_Dangerous_Function__basic_08::();"");
	CWE676_Use_of_Potentially_Dangerous_Function__basic_08::();

	printLine(""Calling CWE676_Use_of_Potentially_Dangerous_Function__basic_14::();"");
	CWE676_Use_of_Potentially_Dangerous_Function__basic_14::();

	printLine(""Calling CWE676_Use_of_Potentially_Dangerous_Function__basic_17::();"");
	CWE676_Use_of_Potentially_Dangerous_Function__basic_17::();

	printLine(""Calling CWE676_Use_of_Potentially_Dangerous_Function__basic_01::();"");
	CWE676_Use_of_Potentially_Dangerous_Function__basic_01::();

	printLine(""Calling CWE676_Use_of_Potentially_Dangerous_Function__basic_11::();"");
	CWE676_Use_of_Potentially_Dangerous_Function__basic_11::();

	printLine(""Calling CWE676_Use_of_Potentially_Dangerous_Function__basic_10::();"");
	CWE676_Use_of_Potentially_Dangerous_Function__basic_10::();

	printLine(""Calling CWE676_Use_of_Potentially_Dangerous_Function__basic_18::();"");
	CWE676_Use_of_Potentially_Dangerous_Function__basic_18::();

	printLine(""Calling CWE676_Use_of_Potentially_Dangerous_Function__basic_03::();"");
	CWE676_Use_of_Potentially_Dangerous_Function__basic_03::();

	printLine(""Calling CWE676_Use_of_Potentially_Dangerous_Function__basic_07::();"");
	CWE676_Use_of_Potentially_Dangerous_Function__basic_07::();

	printLine(""Calling CWE676_Use_of_Potentially_Dangerous_Function__basic_05::();"");
	CWE676_Use_of_Potentially_Dangerous_Function__basic_05::();

	

#endif 

"
/home/sravyagopireddy/datasets/C/testcases/CWE676_Use_of_Potentially_Dangerous_Function/CWE676_Use_of_Potentially_Dangerous_Function__basic_06.cpp,"

void ()
{
    if(STATIC_CONST_FIVE==5)
    {
        {
            char charBuffer[CHAR_BUFFER_SIZE];
            
            
            cin >> charBuffer;
            charBuffer[CHAR_BUFFER_SIZE-1] = '\0';
            printLine(charBuffer);
        }
    }
}

",CWE676,Use of Potentially Dangerous Function,"


static void 1()
{
    if(STATIC_CONST_FIVE!=5)
    {
        
        printLine(""Benign, fixed string"");
    }
    else
    {
        {
            char charBuffer[CHAR_BUFFER_SIZE];
            
            cin.width(CHAR_BUFFER_SIZE);
            cin >> charBuffer;
            charBuffer[CHAR_BUFFER_SIZE-1] = '\0';
            printLine(charBuffer);
        }
    }
}


static void 2()
{
    if(STATIC_CONST_FIVE==5)
    {
        {
            char charBuffer[CHAR_BUFFER_SIZE];
            
            cin.width(CHAR_BUFFER_SIZE);
            cin >> charBuffer;
            charBuffer[CHAR_BUFFER_SIZE-1] = '\0';
            printLine(charBuffer);
        }
    }
}

void ()
{
    1();
    2();
}

"
/home/sravyagopireddy/datasets/C/testcases/CWE676_Use_of_Potentially_Dangerous_Function/CWE676_Use_of_Potentially_Dangerous_Function__basic_03.cpp,"

void ()
{
    if(5==5)
    {
        {
            char charBuffer[CHAR_BUFFER_SIZE];
            
            
            cin >> charBuffer;
            charBuffer[CHAR_BUFFER_SIZE-1] = '\0';
            printLine(charBuffer);
        }
    }
}

",CWE676,Use of Potentially Dangerous Function,"


static void 1()
{
    if(5!=5)
    {
        
        printLine(""Benign, fixed string"");
    }
    else
    {
        {
            char charBuffer[CHAR_BUFFER_SIZE];
            
            cin.width(CHAR_BUFFER_SIZE);
            cin >> charBuffer;
            charBuffer[CHAR_BUFFER_SIZE-1] = '\0';
            printLine(charBuffer);
        }
    }
}


static void 2()
{
    if(5==5)
    {
        {
            char charBuffer[CHAR_BUFFER_SIZE];
            
            cin.width(CHAR_BUFFER_SIZE);
            cin >> charBuffer;
            charBuffer[CHAR_BUFFER_SIZE-1] = '\0';
            printLine(charBuffer);
        }
    }
}

void ()
{
    1();
    2();
}

"
/home/sravyagopireddy/datasets/C/testcases/CWE676_Use_of_Potentially_Dangerous_Function/CWE676_Use_of_Potentially_Dangerous_Function__basic_15.cpp,"

void ()
{
    switch(6)
    {
    case 6:
    {
        char charBuffer[CHAR_BUFFER_SIZE];
        
        
        cin >> charBuffer;
        charBuffer[CHAR_BUFFER_SIZE-1] = '\0';
        printLine(charBuffer);
    }
    break;
    default:
        
        printLine(""Benign, fixed string"");
        break;
    }
}

",CWE676,Use of Potentially Dangerous Function,"


static void 1()
{
    switch(5)
    {
    case 6:
        
        printLine(""Benign, fixed string"");
        break;
    default:
    {
        char charBuffer[CHAR_BUFFER_SIZE];
        
        cin.width(CHAR_BUFFER_SIZE);
        cin >> charBuffer;
        charBuffer[CHAR_BUFFER_SIZE-1] = '\0';
        printLine(charBuffer);
    }
    break;
    }
}


static void 2()
{
    switch(6)
    {
    case 6:
    {
        char charBuffer[CHAR_BUFFER_SIZE];
        
        cin.width(CHAR_BUFFER_SIZE);
        cin >> charBuffer;
        charBuffer[CHAR_BUFFER_SIZE-1] = '\0';
        printLine(charBuffer);
    }
    break;
    default:
        
        printLine(""Benign, fixed string"");
        break;
    }
}

void ()
{
    1();
    2();
}

"
/home/sravyagopireddy/datasets/C/testcases/CWE676_Use_of_Potentially_Dangerous_Function/CWE676_Use_of_Potentially_Dangerous_Function__basic_16.cpp,"

void ()
{
    while(1)
    {
        {
            char charBuffer[CHAR_BUFFER_SIZE];
            
            
            cin >> charBuffer;
            charBuffer[CHAR_BUFFER_SIZE-1] = '\0';
            printLine(charBuffer);
        }
        break;
    }
}

",CWE676,Use of Potentially Dangerous Function,"


static void 1()
{
    while(1)
    {
        {
            char charBuffer[CHAR_BUFFER_SIZE];
            
            cin.width(CHAR_BUFFER_SIZE);
            cin >> charBuffer;
            charBuffer[CHAR_BUFFER_SIZE-1] = '\0';
            printLine(charBuffer);
        }
        break;
    }
}

void ()
{
    1();
}

"
/home/sravyagopireddy/datasets/C/testcases/CWE676_Use_of_Potentially_Dangerous_Function/CWE676_Use_of_Potentially_Dangerous_Function__basic_02.cpp,"

void ()
{
    if(1)
    {
        {
            char charBuffer[CHAR_BUFFER_SIZE];
            
            
            cin >> charBuffer;
            charBuffer[CHAR_BUFFER_SIZE-1] = '\0';
            printLine(charBuffer);
        }
    }
}

",CWE676,Use of Potentially Dangerous Function,"


static void 1()
{
    if(0)
    {
        
        printLine(""Benign, fixed string"");
    }
    else
    {
        {
            char charBuffer[CHAR_BUFFER_SIZE];
            
            cin.width(CHAR_BUFFER_SIZE);
            cin >> charBuffer;
            charBuffer[CHAR_BUFFER_SIZE-1] = '\0';
            printLine(charBuffer);
        }
    }
}


static void 2()
{
    if(1)
    {
        {
            char charBuffer[CHAR_BUFFER_SIZE];
            
            cin.width(CHAR_BUFFER_SIZE);
            cin >> charBuffer;
            charBuffer[CHAR_BUFFER_SIZE-1] = '\0';
            printLine(charBuffer);
        }
    }
}

void ()
{
    1();
    2();
}

"
/home/sravyagopireddy/datasets/C/testcases/CWE676_Use_of_Potentially_Dangerous_Function/CWE676_Use_of_Potentially_Dangerous_Function__basic_07.cpp,"

void ()
{
    if(staticFive==5)
    {
        {
            char charBuffer[CHAR_BUFFER_SIZE];
            
            
            cin >> charBuffer;
            charBuffer[CHAR_BUFFER_SIZE-1] = '\0';
            printLine(charBuffer);
        }
    }
}

",CWE676,Use of Potentially Dangerous Function,"


static void 1()
{
    if(staticFive!=5)
    {
        
        printLine(""Benign, fixed string"");
    }
    else
    {
        {
            char charBuffer[CHAR_BUFFER_SIZE];
            
            cin.width(CHAR_BUFFER_SIZE);
            cin >> charBuffer;
            charBuffer[CHAR_BUFFER_SIZE-1] = '\0';
            printLine(charBuffer);
        }
    }
}


static void 2()
{
    if(staticFive==5)
    {
        {
            char charBuffer[CHAR_BUFFER_SIZE];
            
            cin.width(CHAR_BUFFER_SIZE);
            cin >> charBuffer;
            charBuffer[CHAR_BUFFER_SIZE-1] = '\0';
            printLine(charBuffer);
        }
    }
}

void ()
{
    1();
    2();
}

"
/home/sravyagopireddy/datasets/C/testcases/CWE676_Use_of_Potentially_Dangerous_Function/CWE676_Use_of_Potentially_Dangerous_Function__basic_11.cpp,"

void ()
{
    if(globalReturnsTrue())
    {
        {
            char charBuffer[CHAR_BUFFER_SIZE];
            
            
            cin >> charBuffer;
            charBuffer[CHAR_BUFFER_SIZE-1] = '\0';
            printLine(charBuffer);
        }
    }
}

",CWE676,Use of Potentially Dangerous Function,"


static void 1()
{
    if(globalReturnsFalse())
    {
        
        printLine(""Benign, fixed string"");
    }
    else
    {
        {
            char charBuffer[CHAR_BUFFER_SIZE];
            
            cin.width(CHAR_BUFFER_SIZE);
            cin >> charBuffer;
            charBuffer[CHAR_BUFFER_SIZE-1] = '\0';
            printLine(charBuffer);
        }
    }
}


static void 2()
{
    if(globalReturnsTrue())
    {
        {
            char charBuffer[CHAR_BUFFER_SIZE];
            
            cin.width(CHAR_BUFFER_SIZE);
            cin >> charBuffer;
            charBuffer[CHAR_BUFFER_SIZE-1] = '\0';
            printLine(charBuffer);
        }
    }
}

void ()
{
    1();
    2();
}

"
/home/sravyagopireddy/datasets/C/testcases/CWE676_Use_of_Potentially_Dangerous_Function/CWE676_Use_of_Potentially_Dangerous_Function__basic_09.cpp,"

void ()
{
    if(GLOBAL_CONST_TRUE)
    {
        {
            char charBuffer[CHAR_BUFFER_SIZE];
            
            
            cin >> charBuffer;
            charBuffer[CHAR_BUFFER_SIZE-1] = '\0';
            printLine(charBuffer);
        }
    }
}

",CWE676,Use of Potentially Dangerous Function,"


static void 1()
{
    if(GLOBAL_CONST_FALSE)
    {
        
        printLine(""Benign, fixed string"");
    }
    else
    {
        {
            char charBuffer[CHAR_BUFFER_SIZE];
            
            cin.width(CHAR_BUFFER_SIZE);
            cin >> charBuffer;
            charBuffer[CHAR_BUFFER_SIZE-1] = '\0';
            printLine(charBuffer);
        }
    }
}


static void 2()
{
    if(GLOBAL_CONST_TRUE)
    {
        {
            char charBuffer[CHAR_BUFFER_SIZE];
            
            cin.width(CHAR_BUFFER_SIZE);
            cin >> charBuffer;
            charBuffer[CHAR_BUFFER_SIZE-1] = '\0';
            printLine(charBuffer);
        }
    }
}

void ()
{
    1();
    2();
}

"
/home/sravyagopireddy/datasets/C/testcases/CWE676_Use_of_Potentially_Dangerous_Function/CWE676_Use_of_Potentially_Dangerous_Function__basic_13.cpp,"

void ()
{
    if(GLOBAL_CONST_FIVE==5)
    {
        {
            char charBuffer[CHAR_BUFFER_SIZE];
            
            
            cin >> charBuffer;
            charBuffer[CHAR_BUFFER_SIZE-1] = '\0';
            printLine(charBuffer);
        }
    }
}

",CWE676,Use of Potentially Dangerous Function,"


static void 1()
{
    if(GLOBAL_CONST_FIVE!=5)
    {
        
        printLine(""Benign, fixed string"");
    }
    else
    {
        {
            char charBuffer[CHAR_BUFFER_SIZE];
            
            cin.width(CHAR_BUFFER_SIZE);
            cin >> charBuffer;
            charBuffer[CHAR_BUFFER_SIZE-1] = '\0';
            printLine(charBuffer);
        }
    }
}


static void 2()
{
    if(GLOBAL_CONST_FIVE==5)
    {
        {
            char charBuffer[CHAR_BUFFER_SIZE];
            
            cin.width(CHAR_BUFFER_SIZE);
            cin >> charBuffer;
            charBuffer[CHAR_BUFFER_SIZE-1] = '\0';
            printLine(charBuffer);
        }
    }
}

void ()
{
    1();
    2();
}

"
